Node,DC,BC,CC,C
2,0.2,0.044444444444444446,0.22499999999999998,1.0
5,0.2,0.044444444444444446,0.22499999999999998,1.0
33,0.2,0.044444444444444446,0.22499999999999998,1.0
25,0.2,0.044444444444444446,0.22499999999999998,1.0
26,0.2,0.022222222222222223,0.2,0.500436706361075
1,0.1,0.0,0.15,0.001610331806995967
6,0.1,0.0,0.15,0.001610331806995967
65,0.1,0.0,0.15,0.001610331806995967
37,0.1,0.0,0.15,0.001610331806995967
32,0.1,0.0,0.13333333333333333,0.0
36,0.1,0.0,0.13333333333333333,0.0
