S+,S-,C
0.0,0.44111942124395603,1.0
0.0,0.44111942124395603,1.0
0.0,0.44111942124395603,1.0
0.0,0.44111942124395603,1.0
0.22046113484360708,0.22084657861492465,0.500436706361075
0.4411136834057795,0.0007114851220116555,0.001610331806995967
0.4411136834057795,0.0007114851220116555,0.001610331806995967
0.4411136834057795,0.0007114851220116555,0.001610331806995967
0.4411136834057795,0.0007114851220116555,0.001610331806995967
0.44111942124395603,0.0,0.0
0.44111942124395603,0.0,0.0
